{
  "$schema": "https://raw.githubusercontent.com/yourusername/codesense/main/schema.json",
  "name": "Code Sense Configuration",
  "version": "1.0.0",
  "parserOptions": {
    "ecmaVersion": "latest",
    "sourceType": "module",
    "allowImportExportEverywhere": false,
    "allowAwaitOutsideFunction": false,
    "allowHashBang": true,
    "locations": true,
    "ranges": false
  },
  "rules": {
    "performance": {
      "enabled": true,
      "maxLoops": 3,
      "maxNestedDepth": 2,
      "detectSequentialAsync": true
    },
    "complexity": {
      "enabled": true,
      "maxCyclomatic": 15,
      "maxCognitive": 20,
      "maxFunctionLength": 50,
      "maxParameters": 4
    },
    "maintainability": {
      "enabled": true,
      "minMaintainability": 60,
      "enforceComments": false,
      "requireFunctionDescriptions": false
    },
    "security": {
      "enabled": true,
      "detectEval": true,
      "detectInlineScripts": true,
      "detectProtocolRelativeUrls": true
    },
    "bestPractices": {
      "enabled": true,
      "noConsoleInProduction": false,
      "preferConst": true,
      "noVar": true
    }
  },
  "ignorePatterns": [
    "**/node_modules/**",
    "**/dist/**",
    "**/build/**",
    "**/coverage/**",
    "**/*.test.js",
    "**/*.spec.js",
    "**/*.min.js",
    "**/vendor/**",
    "**/legacy/**"
  ],
  "output": {
    "format": "human",
    "colors": true,
    "verbose": false,
    "saveReport": false,
    "reportFormats": ["json"],
    "reportPath": "./codesense-report"
  },
  "plugins": [],
  "extensions": [".js", ".jsx", ".mjs", ".cjs"]
}